{
    "best_epoch": 9,
    "best_val_loss": 0.594188928604126,
    "best_tr_acc": 0.7189374464438731,
    "best_val_acc": 0.6709511568123393,
    "best_test_acc": 0.7146529562982005
}