{
    "best_epoch": 446,
    "best_val_loss": 2.0164294242858887,
    "best_tr_acc": 0.2812126047068209,
    "best_val_acc": 0.26467065868263473,
    "best_test_acc": 0.23832335329341317
}