{
    "pipeline.0.num_tf_prob_logits": [
        0.125,
        0.125,
        0.125,
        0.125,
        0.125,
        0.125,
        0.125,
        0.125
    ],
    "pipeline.1.tf_prob_logits": [
        0.08743885159492493,
        0.08743885159492493,
        0.08743885159492493,
        0.23768343031406403,
        0.08743885159492493,
        0.23768343031406403,
        0.08743885159492493,
        0.08743885159492493
    ],
    "pipeline.2.tf_prob_logits": [
        0.125,
        0.125,
        0.125,
        0.125,
        0.125,
        0.125,
        0.125,
        0.125
    ],
    "pipeline.3.tf_prob_logits": [
        0.125,
        0.125,
        0.125,
        0.125,
        0.125,
        0.125,
        0.125,
        0.125
    ]
}