{
    "best_epoch": 9,
    "best_val_loss": 7.862782955169678,
    "best_tr_acc": 0.05062984496124031,
    "best_val_acc": 0.053536821705426355,
    "best_test_acc": 0.04626937984496124
}