{
    "best_epoch": 9,
    "best_val_loss": 0.05697014927864075,
    "best_tr_acc": 8.074935400516796e-05,
    "best_val_acc": 0.00048449612403100775,
    "best_test_acc": 0.00024224806201550387
}