{
    "best_epoch": 9,
    "best_val_loss": 0.07638270407915115,
    "best_tr_acc": 0.9668927648578811,
    "best_val_acc": 0.9675387596899225,
    "best_test_acc": 0.9600290697674418
}