{
    "best_epoch": 500,
    "best_val_loss": 2.101569414138794,
    "best_tr_acc": 0.2883925009972078,
    "best_val_acc": 0.25508982035928146,
    "best_test_acc": 0.23952095808383234
}