{
    "pipeline.0.num_tf_prob_logits": [
        0.07692307978868484,
        0.07692307978868484,
        0.07692307978868484,
        0.07692307978868484,
        0.07692307978868484,
        0.07692307978868484,
        0.07692307978868484,
        0.07692307978868484,
        0.07692307978868484,
        0.07692307978868484,
        0.07692307978868484,
        0.07692307978868484,
        0.07692307978868484
    ],
    "pipeline.0.cat_tf_prob_logits": [
        0.07289543747901917,
        0.07289543747901917,
        0.07289543747901917,
        0.07289543747901917,
        0.07289543747901917,
        0.07289543747901917,
        0.07289543747901917,
        0.07289543747901917,
        0.19815033674240112,
        0.07289543747901917,
        0.07289543747901917,
        0.07289543747901917
    ],
    "pipeline.1.tf_prob_logits": [
        0.018549038097262383,
        0.018549038097262383,
        0.018549038097262383,
        0.37256738543510437,
        0.018549038097262383,
        0.018549038097262383,
        0.018549038097262383,
        0.018549038097262383,
        0.018549038097262383,
        0.018549038097262383,
        0.018549038097262383,
        0.018549038097262383,
        0.018549038097262383,
        0.018549038097262383,
        0.018549038097262383,
        0.018549038097262383,
        0.018549038097262383,
        0.05042151361703873,
        0.018549038097262383,
        0.13705988228321075,
        0.05042151361703873,
        0.018549038097262383,
        0.018549038097262383,
        0.018549038097262383,
        0.018549038097262383
    ],
    "pipeline.2.tf_prob_logits": [
        0.03999999910593033,
        0.03999999910593033,
        0.03999999910593033,
        0.03999999910593033,
        0.03999999910593033,
        0.03999999910593033,
        0.03999999910593033,
        0.03999999910593033,
        0.03999999910593033,
        0.03999999910593033,
        0.03999999910593033,
        0.03999999910593033,
        0.03999999910593033,
        0.03999999910593033,
        0.03999999910593033,
        0.03999999910593033,
        0.03999999910593033,
        0.03999999910593033,
        0.03999999910593033,
        0.03999999910593033,
        0.03999999910593033,
        0.03999999910593033,
        0.03999999910593033,
        0.03999999910593033,
        0.03999999910593033
    ],
    "pipeline.3.tf_prob_logits": [
        0.03999999910593033,
        0.03999999910593033,
        0.03999999910593033,
        0.03999999910593033,
        0.03999999910593033,
        0.03999999910593033,
        0.03999999910593033,
        0.03999999910593033,
        0.03999999910593033,
        0.03999999910593033,
        0.03999999910593033,
        0.03999999910593033,
        0.03999999910593033,
        0.03999999910593033,
        0.03999999910593033,
        0.03999999910593033,
        0.03999999910593033,
        0.03999999910593033,
        0.03999999910593033,
        0.03999999910593033,
        0.03999999910593033,
        0.03999999910593033,
        0.03999999910593033,
        0.03999999910593033,
        0.03999999910593033
    ]
}