{
    "best_epoch": 9,
    "best_val_loss": 0.3874870240688324,
    "best_tr_acc": 0.8680377035132819,
    "best_val_acc": 0.8611825192802056,
    "best_test_acc": 0.8766066838046273
}