{
    "best_epoch": 3,
    "best_val_loss": 0.5802102088928223,
    "best_tr_acc": 0.6958011996572407,
    "best_val_acc": 0.6940874035989717,
    "best_test_acc": 0.7172236503856041
}